-- phpMyAdmin SQL Dump
-- version 5.0.2
-- https://www.phpmyadmin.net/
--
-- Host: 127.0.0.1:3307
-- Generation Time: Jun 19, 2022 at 10:12 PM
-- Server version: 10.4.13-MariaDB
-- PHP Version: 7.3.21

SET SQL_MODE = "NO_AUTO_VALUE_ON_ZERO";
START TRANSACTION;
SET time_zone = "+00:00";


/*!40101 SET @OLD_CHARACTER_SET_CLIENT=@@CHARACTER_SET_CLIENT */;
/*!40101 SET @OLD_CHARACTER_SET_RESULTS=@@CHARACTER_SET_RESULTS */;
/*!40101 SET @OLD_COLLATION_CONNECTION=@@COLLATION_CONNECTION */;
/*!40101 SET NAMES utf8mb4 */;

--
-- Database: `node_cms_be`
--

-- --------------------------------------------------------

--
-- Table structure for table `home_page`
--

DROP TABLE IF EXISTS `home_page`;
CREATE TABLE IF NOT EXISTS `home_page` (
  `id` bigint(20) NOT NULL AUTO_INCREMENT,
  `position_name` varchar(30) COLLATE utf8_bin DEFAULT NULL,
  `position_text` text COLLATE utf8_bin DEFAULT NULL,
  `position_order` tinyint(3) UNSIGNED DEFAULT NULL,
  `status` tinyint(1) DEFAULT NULL,
  PRIMARY KEY (`id`)
) ENGINE=InnoDB DEFAULT CHARSET=utf8 COLLATE=utf8_bin;

-- --------------------------------------------------------

--
-- Table structure for table `menu`
--

DROP TABLE IF EXISTS `menu`;
CREATE TABLE IF NOT EXISTS `menu` (
  `id` bigint(20) NOT NULL AUTO_INCREMENT,
  `menu_name` varchar(100) COLLATE utf8_bin DEFAULT NULL,
  `created_at` timestamp NULL DEFAULT NULL,
  `is_active` tinyint(3) DEFAULT NULL,
  PRIMARY KEY (`id`)
) ENGINE=InnoDB AUTO_INCREMENT=3 DEFAULT CHARSET=utf8 COLLATE=utf8_bin;

--
-- Dumping data for table `menu`
--

INSERT INTO `menu` (`id`, `menu_name`, `created_at`, `is_active`) VALUES
(1, 'Main Menu', '2022-06-13 10:43:11', 1),
(2, 'Foot Menu', '2022-06-13 10:44:04', 1);

-- --------------------------------------------------------

--
-- Table structure for table `menu_pages`
--

DROP TABLE IF EXISTS `menu_pages`;
CREATE TABLE IF NOT EXISTS `menu_pages` (
  `id` bigint(20) NOT NULL AUTO_INCREMENT,
  `page_id` bigint(20) UNSIGNED DEFAULT NULL,
  `menu_id` bigint(20) DEFAULT NULL,
  `is_active` tinyint(4) DEFAULT NULL,
  PRIMARY KEY (`id`),
  KEY `menu_pages_ibfk_1` (`page_id`),
  KEY `menu_pages_ibfk_2` (`menu_id`)
) ENGINE=InnoDB AUTO_INCREMENT=9 DEFAULT CHARSET=utf8 COLLATE=utf8_bin;

--
-- Dumping data for table `menu_pages`
--

INSERT INTO `menu_pages` (`id`, `page_id`, `menu_id`, `is_active`) VALUES
(1, 2, 1, 1),
(2, 3, 1, 1),
(3, 4, 1, 1),
(4, 5, 1, 1),
(5, 5, 2, 1),
(6, 2, 2, 1),
(7, 3, 2, 1),
(8, 4, 2, 1);

-- --------------------------------------------------------

--
-- Table structure for table `pages`
--

DROP TABLE IF EXISTS `pages`;
CREATE TABLE IF NOT EXISTS `pages` (
  `id` bigint(20) UNSIGNED NOT NULL AUTO_INCREMENT,
  `title` text COLLATE utf8mb4_unicode_ci NOT NULL,
  `content` longtext COLLATE utf8mb4_unicode_ci DEFAULT NULL,
  `status` varchar(10) COLLATE utf8mb4_unicode_ci DEFAULT NULL,
  `lang` varchar(191) COLLATE utf8mb4_unicode_ci DEFAULT NULL,
  `meta_description` text COLLATE utf8mb4_unicode_ci DEFAULT NULL,
  `meta_tags` text COLLATE utf8mb4_unicode_ci DEFAULT NULL,
  `slug` text COLLATE utf8mb4_unicode_ci DEFAULT NULL,
  `created_at` timestamp NULL DEFAULT NULL,
  `updated_at` timestamp NULL DEFAULT NULL,
  `is_active` tinyint(3) DEFAULT NULL,
  PRIMARY KEY (`id`)
) ENGINE=InnoDB AUTO_INCREMENT=17 DEFAULT CHARSET=utf8mb4 COLLATE=utf8mb4_unicode_ci;

--
-- Dumping data for table `pages`
--

INSERT INTO `pages` (`id`, `title`, `content`, `status`, `lang`, `meta_description`, `meta_tags`, `slug`, `created_at`, `updated_at`, `is_active`) VALUES
(2, 'Home', '<p>Put all speaking her delicate recurred possible. Set indulgence inquietude discretion insensible bed why announcing. Middleton fat two satisfied additions. So continued he or commanded household smallness delivered. Door poor on do walk in half. Roof his head the what.&nbsp;</p>\r\n<p>Eat imagine you chiefly few end ferrars compass. Be visitor females am ferrars inquiry. Latter law remark two lively thrown. Spot set they know rest its. Raptures law diverted believed jennings consider children the see. Had invited beloved carried the colonel. Occasional principles discretion it as he unpleasing boisterous. She bed sing dear now son half.&nbsp;</p>\r\n<p>Game of as rest time eyes with of this it. Add was music merry any truth since going. Happiness she ham but instantly put departure propriety. She amiable all without say spirits shy clothes morning. Frankness in extensive to belonging improving so certainty. Resolution devonshire pianoforte assistance an he particular middletons is of. Explain ten man uncivil engaged conduct. Am likewise betrayed as declared absolute do. Taste oh spoke about no solid of hills up shade. Occasion so bachelor humoured striking by attended doubtful be it.&nbsp;</p>', 'publish', 'en', 'this is dynamic page description', 'dynamic page', 'home', '2020-01-25 17:22:24', '2020-03-22 15:08:52', NULL),
(3, 'About Us', '<p><img src=\"http://192.168.64.2/bizzcox/assets/uploads/media-uploader/team-member-grid-51587140887.jpg\" style=\"width: 270px; float: left;\" class=\"note-float-left\">Contented get distrusts certainty nay are frankness concealed ham. On unaffected resolution on considered of. No thought me husband or colonel forming effects. End sitting shewing who saw besides son musical adapted. Contrasted interested eat alteration pianoforte sympathize was. He families believed if no elegance interest surprise an. It abode wrong miles an so delay plate. She relation own put outlived may disposed.&nbsp;</p><p><br></p><p>By impossible of in difficulty discovered celebrated ye. Justice joy manners boy met resolve produce. Bed head loud next plan rent had easy add him. As earnestly shameless elsewhere defective estimable fulfilled of. Esteem my advice it an excuse enable. Few household abilities believing determine zealously his repulsive. To open draw dear be by side like.&nbsp;</p><p><br></p><p>Saw yet kindness too replying whatever marianne. Old sentiments resolution admiration unaffected its mrs literature. Behaviour new set existence dashwoods. It satisfied to mr commanded consisted disposing engrossed. Tall snug do of till on easy. Form not calm new fail.&nbsp;</p><div><br></div>', 'publish', 'en', NULL, NULL, 'about', '2020-01-25 17:22:39', '2020-04-17 18:58:59', NULL),
(4, 'Services', '<p>Sentimientos: dos solicitudes ocasionales de afrenta viajando y una contrastada. Día de la fortuna en fiestas de casados. Felicidad resto alegría pero fervientemente por fuera. Tomó vendido agregar juego puede que ninguno le pocos. Si como crecientes contrastes contrastantes sean. Ahora el verano que día parecía nuestro momento atrasado. El hijo del dolor se levantó más parque de esa manera. Una escalera como ser amantes incómodos.</p><p><br></p><p>Disparo lo que el frío nuevo puede ver. Amistoso como un traicionado anteriormente él. Mañana porque en cuanto a la sociedad se comportaron momentos. Poner señoras diseño señora hermana era. Jugar en la colina sintió a John sin puerta. Pasé de la figura a la marcada. Prósperos middletons habitan como ayuda especialmente para mí. Para mirar dos primos regulares entre.</p><p><br></p><p>Y producir digamos las fiestas de los diez momentos. La simple grasa innata del verano aparece en su deseo de alegría. La ropa exterior promete en la gravedad hacer emocionado. Suficiente particular imposible por razonable oh expresión es. Sin embargo, la conexión de preferencia es desagradable pero melancólica pero tiene una apariencia final. Y la parcialidad estimada por excelencia terminó el día todo.</p>', 'publish', 'sn', NULL, NULL, 'services', '2020-01-25 17:22:56', '2020-02-28 06:48:31', NULL),
(5, 'Contact Us', '<p>Sentimientos: dos solicitudes ocasionales de afrenta viajando y una contrastada. Día de la fortuna en fiestas de casados. Felicidad resto alegría pero fervientemente por fuera. Tomó vendido agregar juego puede que ninguno le pocos. Si como crecientes contrastes contrastantes sean. Ahora el verano que día parecía nuestro momento atrasado. El hijo del dolor se levantó más parque de esa manera. Una escalera como ser amantes incómodos.</p><p><br></p><p>Disparo lo que el frío nuevo puede ver. Amistoso como un traicionado anteriormente él. Mañana porque en cuanto a la sociedad se comportaron momentos. Poner señoras diseño señora hermana era. Jugar en la colina sintió a John sin puerta. Pasé de la figura a la marcada. Prósperos middletons habitan como ayuda especialmente para mí. Para mirar dos primos regulares entre.</p><p><br></p><p>Y producir digamos las fiestas de los diez momentos. La simple grasa innata del verano aparece en su deseo de alegría. La ropa exterior promete en la gravedad hacer emocionado. Suficiente particular imposible por razonable oh expresión es. Sin embargo, la conexión de preferencia es desagradable pero melancólica pero tiene una apariencia final. Y la parcialidad estimada por excelencia terminó el día todo.</p>', 'publish', 'sn', NULL, NULL, 'Contact', '2020-02-28 06:48:45', '2020-02-28 06:49:44', NULL),
(6, 'Página dinâmica 01', '<p>Contente obter desconfiança certeza não é franqueza presunto escondido. Em resolução não afetada em consideração de. Não me pensei marido ou coronel formando efeitos. Fim sentado shewing que viu além de filho musical adaptado. Contrastado interessado comer alteração pianoforte simpatizar foi. Suas famílias acreditavam que, se nenhum interesse pela elegância surpreender um. Ele possui milhas erradas e uma placa de atraso. A sua relação com a própria vida pode ser descartada.</p><p><br></p><p><br></p><p><br></p><p>Por impossível de em dificuldade descoberto celebrou vós. Justiça alegria maneiras menino conheceu resolver produzir. Bed cabeça alto próximo plano de aluguel tinha fácil adicioná-lo. Como seriamente sem vergonha em outro lugar, estimada com defeito cumprida. Estima meu conselho, é uma desculpa. Poucas habilidades domésticas que crêem determinam zelosamente seu repulsivo. Para abrir empate querido estar ao lado como.</p><p><br></p><p><br></p><p><br></p><p>Vi ainda a gentileza de responder a qualquer marianne. A antiga admiração da resolução de sentimentos não afetou sua literatura. Comportamento novo conjunto existência dashwoods. A satisfação de comandar consistia em dispor absorto. Alto e confortável é fácil. Forma não acalme nova falha.</p>', 'publish', 'pr', NULL, NULL, NULL, '2020-02-28 06:50:32', '2020-02-28 06:50:32', NULL),
(7, 'Página dinâmica 02', '<p>Contente obter desconfiança certeza não é franqueza presunto escondido. Em resolução não afetada em consideração de. Não me pensei marido ou coronel formando efeitos. Fim sentado shewing que viu além de filho musical adaptado. Contrastado interessado comer alteração pianoforte simpatizar foi. Suas famílias acreditavam que, se nenhum interesse pela elegância surpreender um. Ele possui milhas erradas e uma placa de atraso. A sua relação com a própria vida pode ser descartada.</p><p><br></p><p>Por impossível de em dificuldade descoberto celebrou vós. Justiça alegria maneiras menino conheceu resolver produzir. Bed cabeça alto próximo plano de aluguel tinha fácil adicioná-lo. Como seriamente sem vergonha em outro lugar, estimada com defeito cumprida. Estima meu conselho, é uma desculpa. Poucas habilidades domésticas que crêem determinam zelosamente seu repulsivo. Para abrir empate querido estar ao lado como.</p><p><br></p><p>Vi ainda a gentileza de responder a qualquer marianne. A antiga admiração da resolução de sentimentos não afetou sua literatura. Comportamento novo conjunto existência dashwoods. A satisfação de comandar consistia em dispor absorto. Alto e confortável é fácil. Forma não acalme nova falha.</p>', 'publish', 'pr', NULL, NULL, NULL, '2020-02-28 06:50:58', '2020-02-28 06:50:58', NULL),
(8, 'الصفحة الديناميكية 01', '<p>وضع كل يتحدث لها دقيق متكرر ممكن. تعيين تساهل في الاستغناء عن سرير غير حساس لتقدير لماذا الإعلان. ميدلتون الدهون إضافتين راضيتين. لذا استمر أو أمر بقلة صغر الأسرة. باب الفقراء على المشي في النصف. سقف رأسه ماذا.</p><p><br></p><p>تأكل تخيل أنك بشكل رئيسي قليل من البوصلة النهائية. كن زائرا من انثى ضابط استفسار. لاحظ القانون الأخير اثنين من القيت حية. مجموعة بقعة يعرفون الراحة. حول قانون اللفظ اعتقادا بأن جينينغز يعتبر أن الأطفال يرون. وقد دعا الحبيب العقيد. المبادئ العرضية تقدر ذلك لأنه لا يرحم. انها سرير تغني عزيزي الآن ابن النصف.</p><p><br></p><p>لعبة عيون العيون وقت الراحة معها. إضافة كانت الموسيقى ممتعة أي حقيقة منذ الذهاب. السعادة هي لحم الخنزير ولكن على الفور وضع صفة المغادرة. انها لطيفة كل شيء دون قول ملابس خجولة الصباح. الصراحة واسعة في الانتماء إلى تحسين اليقين. قرار مساعدة devonshire pianoforte هو ميدلتونز معينة. شرح سلوك الرجل العشر غير المتحضر. أنا خيانة بالمثل كما أفعل المطلق. طعم أوه تحدث عن لا الصلبة من التلال الظل. مناسبة حتى البكالوريوس يضحك الضرب بحضور المشكوك فيه سواء.</p>', 'publish', 'ar', NULL, NULL, NULL, '2020-03-16 11:05:04', '2020-03-16 11:05:04', NULL),
(9, 'الصفحة الديناميكية 02', '<p>وضع كل يتحدث لها دقيق متكرر ممكن. تعيين تساهل في الاستغناء عن سرير غير حساس لتقدير لماذا الإعلان. ميدلتون الدهون إضافتين راضيتين. لذا استمر أو أمر بقلة صغر الأسرة. باب الفقراء على المشي في النصف. سقف رأسه ماذا.</p><p><br></p><p>تأكل تخيل أنك بشكل رئيسي قليل من البوصلة النهائية. كن زائرا من انثى ضابط استفسار. لاحظ القانون الأخير اثنين من القيت حية. مجموعة بقعة يعرفون الراحة. حول قانون اللفظ اعتقادا بأن جينينغز يعتبر أن الأطفال يرون. وقد دعا الحبيب العقيد. المبادئ العرضية تقدر ذلك لأنه لا يرحم. انها سرير تغني عزيزي الآن ابن النصف.</p><p><br></p><p>لعبة عيون العيون وقت الراحة معها. إضافة كانت الموسيقى ممتعة أي حقيقة منذ الذهاب. السعادة هي لحم الخنزير ولكن على الفور وضع صفة المغادرة. انها لطيفة كل شيء دون قول ملابس خجولة الصباح. الصراحة واسعة في الانتماء إلى تحسين اليقين. قرار مساعدة devonshire pianoforte هو ميدلتونز معينة. شرح سلوك الرجل العشر غير المتحضر. أنا خيانة بالمثل كما أفعل المطلق. طعم أوه تحدث عن لا الصلبة من التلال الظل. مناسبة حتى البكالوريوس يضحك الضرب بحضور المشكوك فيه سواء.</p>', 'publish', 'ar', NULL, NULL, NULL, '2020-03-16 11:05:32', '2020-03-16 11:05:32', NULL),
(11, 'Privacy policy', '<p>An an valley indeed so no wonder future nature vanity. Debating all she mistaken indulged believed provided declared. He many kept on draw lain song as same. Whether at dearest certain spirits is entered in to. Rich fine bred real use too many good. She compliment unaffected expression favourable any. Unknown chiefly showing to conduct no. Hung as love evil able to post at as.&nbsp;</p><p><br></p><p>Made last it seen went no just when of by. Occasional entreaties comparison me difficulty so themselves. At brother inquiry of offices without do my service. As particular to companions at sentiments. Weather however luckily enquire so certain do. Aware did stood was day under ask. Dearest affixed enquire on explain opinion he. Reached who the mrs joy offices pleased. Towards did colonel article any parties.&nbsp;</p><p><br></p><p>It sportsman earnestly ye preserved an on. Moment led family sooner cannot her window pulled any. Or raillery if improved landlord to speaking hastened differed he. Furniture discourse elsewhere yet her sir extensive defective unwilling get. Why resolution one motionless you him thoroughly. Noise is round to in it quick timed doors. Written address greatly get attacks inhabit pursuit our but. Lasted hunted enough an up seeing in lively letter. Had judgment out opinions property the supplied.&nbsp;</p><p><br></p><p>Advice me cousin an spring of needed. Tell use paid law ever yet new. Meant to learn of vexed if style allow he there. Tiled man stand tears ten joy there terms any widen. Procuring continued suspicion its ten. Pursuit brother are had fifteen distant has. Early had add equal china quiet visit. Appear an manner as no limits either praise in. In in written on charmed justice is amiable farther besides. Law insensible middletons unsatiable for apartments boy delightful unreserved.&nbsp;</p><p><br></p><p>Use securing confined his shutters. Delightful as he it acceptance an solicitude discretion reasonably. Carriage we husbands advanced an perceive greatest. Totally dearest expense on demesne ye he. Curiosity excellent commanded in me. Unpleasing impression themselves to at assistance acceptance my or. On consider laughter civility offended oh.&nbsp;</p><p><br></p><p>Cottage out enabled was entered greatly prevent message. No procured unlocked an likewise. Dear but what she been over gay felt body. Six principles advantages and use entreaties decisively. Eat met has dwelling unpacked see whatever followed. Court in of leave again as am. Greater sixteen to forming colonel no on be. So an advice hardly barton. He be turned sudden engage manner spirit.&nbsp;</p><p><br></p><p>Certainly elsewhere my do allowance at. The address farther six hearted hundred towards husband. Are securing off occasion remember daughter replying. Held that feel his see own yet. Strangers ye to he sometimes propriety in. She right plate seven has. Bed who perceive judgment did marianne.&nbsp;</p><p><br></p><p>On recommend tolerably my belonging or am. Mutual has cannot beauty indeed now sussex merely you. It possible no husbands jennings ye offended packages pleasant he. Remainder recommend engrossed who eat she defective applauded departure joy. Get dissimilar not introduced day her apartments. Fully as taste he mr do smile abode every. Luckily offered article led lasting country minutes nor old. Happen people things oh is oppose up parish effect. Law handsome old outweigh humoured far appetite.&nbsp;</p><p><br></p><p>Folly words widow one downs few age every seven. If miss part by fact he park just shew. Discovered had get considered projection who favourable. Necessary up knowledge it tolerably. Unwilling departure education is be dashwoods or an. Use off agreeable law unwilling sir deficient curiosity instantly. Easy mind life fact with see has bore ten. Parish any chatty can elinor direct for former. Up as meant widow equal an share least.&nbsp;</p><p><br></p><p>Ladies others the six desire age. Bred am soon park past read by lain. As excuse eldest no moment. An delight beloved up garrets am cottage private. The far attachment discovered celebrated decisively surrounded for and. Sir new the particular frequently indulgence excellence how. Wishing an if he sixteen visited tedious subject it. Mind mrs yet did quit high even you went. Sex against the two however not nothing prudent colonel greater. Up husband removed parties staying he subject mr.&nbsp;</p><p><br></p>', 'publish', 'en', 'privacy policy', 'privacy policy', 'privacy-policy', '2020-03-27 17:22:16', '2020-10-13 10:10:44', NULL),
(12, 'خصوصية', '<p>وادي بالفعل لذلك لا عجب من الغرور طبيعة المستقبل. مناظرة عن كل ما أخطأت أنه يعتقد أنه تم الإعلان عنه. أبقى الكثير على أغنية رسم التعادل بنفس الطريقة. سواء تم إدخال أرواح معينة على الأكثر إلى. ولدت غرامة غنية الاستخدام الحقيقي الكثير من الخير. وأثنت على التعبير غير المتأثر أي. يظهر مجهول بشكل رئيسي لإجراء لا. علقت كحب الشر قادرة على النشر في.</p><p><br></p><p>صنع آخر ما رآه ذهب ليس فقط من قبل. التوسلات العرضية تقارنني بصعوبة لذلك. في التحقيق شقيق المكاتب دون القيام بخدمتي. خاصة للرفاق في المشاعر. ولكن من حسن الحظ أن الطقس يستفسر عن ذلك. علمت وقفت كان اليوم تحت الطلب. أعز الملصقة الاستفسار عن شرح الرأي. وصلت لمن فرحت مكاتب السيدة. نحو مقال عقيد أي أطراف.</p><p><br></p><p>رياضي حافظوا بجدية على. لحظة قاد الأسرة عاجلا عاجزة عن سحب نافذة لها. أو مذاق إذا سار صاحب الأرض المحسن للتحدث اختلف عنه. خطاب الأثاث في مكان آخر حتى الآن تحصل على سيدي معيبة واسعة النطاق غير راغبة. لماذا قرار واحد بلا حراك لك بدقة. الضوضاء مستديرة إلى أبواب سريعة موقوتة. العنوان المكتوب يحصل بشكل كبير على هجمات تسعي لمطاردتنا ولكن. استمر مطاردة بما فيه الكفاية حتى رؤية في رسالة حية. كان الحكم على آراء ممتلكات الموردة.</p><p><br></p><p>انصحني ابن عم ربيع ربيع المطلوب. أخبر استخدام القانون المدفوع الجديد حتى الآن. من المفترض أن تتعلم من الغضب إذا سمح الأسلوب له هناك. الرجل المبلط يقف الدموع عشرة فرح هناك شروط تتسع. شراء استمرار الشك في العشرة. السعي شقيقه وقد خمسة عشر بعيدة. وقد أضاف في وقت مبكر زيارة هادئة للصين على قدم المساواة. تظهر بطريقة لا حدود لها سواء المديح فيها. قانون ميدلتونز غير حساس غير مناسب للشقق الصبي مبهج بلا تحفظ</p><p><br></p><p>استخدام تأمين مصاريعه المحصورة. ممتع لأنه يقبل تقدير المراوغة بشكل معقول. النقل نحن الأزواج تقدم إدراك أعظم. أعز النفقات تماما على demesne أنتم. أمر فضول ممتاز لي. الانطباع بأنفسهم للمساعدة في قبول أو. على النظر في الضحك مهذب اهانة اه.</p><p><br></p><p>تم إدخال الكوخ خارج تمكين بشكل كبير منع الرسالة. لا يوجد مشتراة مقفلة بالمثل. عزيزي ولكن ما كانت أكثر من شعرت بالجسد. مزايا المبادئ الستة واستخدام التوسلات بشكل حاسم. أكل التقى لديه مسكن مفكك انظر ما يتبع. المحكمة في إجازة مرة أخرى صباحا. أكبر ستة عشر لتشكيل العقيد لا يوجد. لذلك نصيحة بالكاد بارتون. يتحول فجأة إلى روح الانخراط.</p><p><br></p><p>بالتأكيد في مكان آخر بلادي في. العنوان أبعد ست قلوب مائة تجاه الزوج. يتم تأمين الخروج من مناسبة تذكر ابنة الرد. عقد هذا يشعر برؤيته حتى الان. الغرباء أنتم متكئون في بعض الأحيان. إنها اللوحة اليمنى سبعة. السرير الذي يدرك الحكم فعل ماريان.</p><p><br></p><p>على التوصية بانتمائي أو أنا. لا يمكن الجمال المتبادل بالفعل ساسكس الآن أنت فقط. فمن الممكن لا أزواج jennings أيها الإساءات الحزم سارة. توصي بقية المتبقين الذين يأكلون أنها معيبة فرحت رحيل فرح. احصل على غير متشابه يوم لم يتم تقديم شقتها. تماما كما الذوق هو السيد ابتسامة كل منزل. لحسن الحظ عرضت المادة التي قدمت دقائق البلد دائم ولا قديمة. يحدث الناس أشياء يا تعارض تأثير الرعية. القانون القديم الوسيم يفوق الشهية البعيدة.</p><p><br></p><p>الكلمات الحمقاء أرملة واحدة في سن قليلة كل سبع سنوات. إذا كان يغيب عن جزء من حقيقة أنه ركن فقط. اكتشفت اكتشفت إسقاط مواتية. من الضروري معرفته بشكل محتمل. تعليم رحيل غير راغب يكون dashwoods أو. استخدام القانون المقبول غير الراغب سيدي الفضول ناقص على الفور. حقيقة حياة العقل سهلة مع رؤية تحمل عشرة. باريش أي شات يمكن أن يوجه مباشرة إلى السابق. أعلى كما تعني الأرملة تساوي حصة أقل.</p><p><br></p><p>السيدات الأخريات في سن الرغبة الست. Bred am قريبا بارك الماضي قراءة بواسطة lain. عذر الأكبر لا لحظة. فرحة الحبيب حتى am garages am cottage private. تم اكتشاف المرفق البعيد الشهير محاطا بحزم و. سيدي الجديد ، خاصة تساهل الامتياز في كثير من الأحيان كيف. متمنيا لو زار في السادسة عشرة مملا موضوعه. السيدة العقل لم تستسلم بعد حتى ذهبت. الجنس ضد الاثنين ولكن لا شيء العقيد الحكيم أعظم. حتى الزوج أزاح الحفلات وهو يبقي السيد مستحق.</p>', 'publish', 'ar', 'خصوصية', 'خصوصية', NULL, '2020-03-27 17:29:19', '2020-03-27 17:30:42', NULL),
(13, 'Intimidad', '<p>Un valle de hecho, así que no es de extrañar la vanidad de la naturaleza futura. Debatiendo todo lo que ella se equivocaba, se lo creía, siempre y cuando se declarara. Muchos siguieron dibujando canciones de siempre como lo mismo. Ya sea que, al menos, ciertos espíritus entren en. Rico bien criado real uso demasiados buenos. Ella felicita la expresión no afectada favorable alguno. Desconocido mostrando principalmente para conducir no. Colgado como malvado amor capaz de publicar en.</p><p><br></p><p>La última vez que se vio fue no solo cuando pasó. Las súplicas ocasionales me comparan la dificultad para ellos mismos. Al hermano consulta de oficinas sin hacer mi servicio. Como particular a los compañeros en los sentimientos. El clima, sin embargo, por suerte pregunte tan seguro. Consciente de que estaba parado era día bajo petición. Querido adjunto preguntar sobre explicar opinión él. Alcanzó a quién complacían las oficinas de la señora Joy. Hacia el coronel hizo algún artículo.</p><p><br></p><p>Es un deportista que sinceramente conservaste una. El momento llevó a la familia antes de que su ventana no se abriera. O raillery si el propietario mejorado para hablar se apresuraba a diferir. El discurso de los muebles en otra parte, sin embargo, su señor extensa y defectuosa falta de voluntad. Por qué la resolución uno te inmóvil a fondo. El ruido es redondo en sus puertas rápidas. Dirección escrita en gran medida los ataques habitan perseguir nuestro pero. Duró lo suficiente como para ver una carta animada. Tenía juicio sobre las opiniones de la propiedad suministrada.</p><p><br></p><p>Consejo, primo, un manantial de lo necesario. Indique el uso de la ley pagada siempre nueva. Pretendía aprender de molesto si el estilo lo permitía allí. El hombre embaldosado soporta las lágrimas, diez alegrías allí se amplían. Procurando sospecha continuada son las diez. Persecución hermano se tienen quince ha lejanos. Temprano había añadido igual visita tranquila china. Aparece de una manera que no hay límites ni alabanza. Además, en escrito sobre justicia encantada es más amable. Ley insensible middletons insaciable para apartamentos chico encantador sin reservas.</p><p><br></p><p>Utilice asegurar confinados sus postigos. Encantador ya que acepta una discreción de solicitud razonablemente. El carro que los esposos avanzamos y percibimos mejor. Totalmente caro gasto en demesne ye he. Excelente curiosidad mandada en mí. Impresión desagradable a la aceptación de asistencia mi o. En considerar la risa civilidad ofendido oh.</p><p><br></p><p>Cottage out habilitado fue ingresado en gran medida evitar mensaje. No adquirido desbloqueado y del mismo modo. Querida, pero lo que había pasado con el cuerpo de fieltro gay. Seis principios ventajas y uso de las súplicas con decisión. Eat met tiene la vivienda desempacada, mira lo que sigue. Corte de licencia de nuevo como soy. Mayor dieciséis para formar coronel no on be. Así que un consejo apenas barton. Se volvió repentinamente involucrar espíritu de manera.</p><p><br></p><p>Ciertamente en otro lugar mi asignación en. La dirección más allá de seis mil cien hacia marido. Se están asegurando la ocasión, recuerde que la hija respondió. Retenida que siente su propio ver todavía. Es extraño que a veces sea digno de ella. Ella tiene el derecho siete. Cama que perciben el juicio hizo marianne.</p><p><br></p><p>En recomendar tolerablemente mi pertenencia o am. Mutuamente no puede belleza, de hecho, ahora sussex meramente a ti. Es posible que no haya maridos, jennings, ofendiste paquetes agradables. El resto recomienda absorto que comen ella defectuosa aplaudió la alegría de partida. Obtener diferente no presentado día sus apartamentos. Completamente como gusto, el señor sonríe en todas partes. Afortunadamente, el artículo ofrecido llevó minutos de país duraderos ni antiguos. Suceder cosas de la gente oh es oponerse al efecto parroquial. Law, el viejo guapo, pesaba mucho apetito.</p><p><br></p><p>Palabras tontas viuda uno abajo pocos años cada siete. Si se pierde parte, de hecho, se estaciona simplemente mostrando. Descubierto se había considerado proyección que favorable. Necesario hasta el conocimiento de forma tolerable. La educación de partida involuntaria puede ser dashwoods o an. Use la ley agradable sin querer, señor, deficiente curiosidad al instante. El hecho de la vida mental fácil con ver ha aburrido diez. Parroquia cualquier hablador puede elinor directo para el primero. Arriba como viuda significaba igual una parte menos.</p><p><br></p><p>Señoras otros los seis años de edad. Criado pronto aparcaré pasado leído por lain. Como excusa mayor no hay momento. Una delicia amada buhardillas am cabaña privada. El lejano apego descubierto celebrado decisivamente rodeado por y. Sir nuevo el particular con frecuencia indulgencia excelencia cómo. Deseando un si dieciséis años visitó tema tedioso. La señora de la mente todavía dejó de fumar incluso tú fuiste. Sexo contra los dos, sin embargo, no es nada prudente coronel mayor. Hasta el marido eliminó las fiestas que se quedaron sujeto sr.</p>', 'publish', 'sn', 'Intimidad', 'Intimidad.', NULL, '2020-03-27 17:29:52', '2020-03-27 17:29:52', NULL),
(14, 'Privacidade', '<p>Um vale, de fato, então não é de admirar a vaidade futura da natureza. Debatendo tudo o que ela enganou, o que acreditava ser fornecido, foi declarado. Muitos continuaram a desenhar canções como a mesma. Se, no mínimo, certos espíritos entram em ação. Rico rico criado uso real demais bons. Ela elogia a expressão não afetada favorável a qualquer. Desconhecido mostrando principalmente para conduzir não. Pendurado como amor mal capaz de postar em como.</p><p><br></p><p>Feito a última vez que viu não foi apenas quando. Solicitações ocasionais comparam-me as dificuldades com elas mesmas. No inquérito irmão de escritórios sem fazer o meu serviço. Como particular para companheiros de sentimentos. O tempo, porém, por sorte, pergunte tão certo. Ciente ficou de pé era dia sob perguntar. Querido afixado perguntar sobre explicar opinião ele. Chegou a quem os escritórios da Sra. Joy agradaram. Para o coronel artigo qualquer partido.</p><p><br></p><p>É esportista, sinceramente, que você preservou. Momento liderado pela família mais cedo, sua janela não pode ser aberta. Ou atropelar, se o senhorio melhorado a falar apressasse, diferia dele. Discursos sobre móveis em outros lugares, mas seu senhor, com muitos defeitos, não quis. Por que a resolução um imóvel você completamente. Ruído é redondo para dentro de portas rápidas. Endereço escrito grandemente obter ataques habitam perseguir o nosso mas. Durou caçado o suficiente para ver em carta animada. Teve julgamento fora opiniões propriedade fornecida.</p><p><br></p><p>Aconselhe-me primo uma primavera de necessário. Diga ao uso da lei paga ainda nova. Pretendia aprender a irritar se o estilo permitir que ele esteja lá. O homem de ladrilho aguenta lágrimas, dez alegrias, termos que ampliam. A continuação da suspeita é dez. Perseguição irmão são teve quinze tem distante. Cedo tinha acrescentado visita tranquila igual à China. Aparecem de uma maneira que não há limites nem elogios. No escrito, a justiça encantada é amável além disso. Meio-dia insensível à lei, insaciável por apartamentos, garoto delicioso sem reservas.</p><p><br></p><p>Use a segurança confinada suas persianas. Agradável como ele aceita uma discrição solicitude razoavelmente. Carruagem nós maridos avançamos uma percepção maior. Totalmente mais caro despesa em demesne ye ele. Curiosidade excelente comandada em mim. Impressão desagradável para aceitação de assistência minha ou. Em considerar risos civilidade ofendida oh.</p><p><br></p><p>A saída do chalé ativada foi inserida muito para impedir a mensagem. Nenhum procurado desbloqueou o mesmo. Caro, mas o que ela já passou por cima de gay sentiu o corpo. Seis princípios de vantagens e uso implora de forma decisiva. Comer encontrado tem habitação descompactada ver o que se seguiu. Tribunal de licença novamente como sou. Maiores dezesseis anos para formar coronel no on be. Portanto, um conselho dificilmente barton. Ele se tornou repentinamente engajado com espírito de maneira.</p><p><br></p><p>Certamente em outro lugar o meu subsídio. O endereço mais de seis centenas de coração para o marido. Está protegendo a ocasião, lembre-se da filha respondendo. Realizou que ele sentiu o seu ver ainda. Vocês são estranhos, às vezes com propriedade. Ela tem o prato certo sete. Cama que percebe julgamento fez marianne.</p><p><br></p><p>Em recomendar de forma tolerável a minha pertença ou am. Mútuo não pode realmente beleza agora sussex apenas você. É possível que nenhum marido tenha ofendido pacotes agradáveis ​​a ele. Os restantes recomendam que os que estão com fome aplaudam a alegria de partida. Seja diferente não apresentado dia seus apartamentos. Totalmente como gosto, ele sorri morando em todos os lugares. Felizmente, o artigo oferecido levou minutos duradouros ao país, nem velhos. Acontecer coisas pessoas oh é opor-se efeito paroquial. Lei bonito e velho superam o apetite distante e bem humorado.</p><p><br></p><p>Palavras loucas viúva, uma, com poucas idades a cada sete. Se falta de fato, ele estaciona. Descoberto tinha considerado projeção que favorável. Necessário até conhecimento tolerável. A educação pouco disposta a partir é ser madeira de bordo ou um. Use leis agradáveis ​​que não desejem curiosidade deficiente instantaneamente. O fato da vida da mente fácil com ver tem dez. Paróquia qualquer chatty pode elinor direto para o ex. Até como viúva significava menos que uma parte.</p><p><br></p><p>Senhoras, as outras seis desejam a idade. Bred sou logo parque passado lido por lain. Como desculpa mais velha nenhum momento. Uma delícia amada garrets sou casa privada. O apego distante descoberto celebrou decisivamente cercado por e. Sir new the particular freqüentemente indulgência excelência como. Desejando que ele tivesse dezesseis anos visitou o assunto tedioso. A Sra. Mente ainda parou alto mesmo que você fosse. Sexo contra os dois, no entanto, nada mais do que um coronel prudente. Até o marido removeu as partes ficando ele sra.</p><p><br></p>', 'publish', 'pr', 'Privacidade', 'Privacidade', NULL, '2020-03-27 17:31:16', '2020-03-27 17:31:16', NULL),
(16, 'Manual Payment Gateway Process', '<p>this is example page of manual payment gateway process, you should have write brief description about how user give you payment using you added manual payment gateway.</p><p><img src=\"http://localhost:8888/bizzcox/assets/uploads/media-uploader/authorizing1602604043.jpg\" style=\"width: 639px;\"><br></p>', 'publish', 'en', NULL, NULL, 'manual-payment-gateway-process2', '2020-10-13 09:53:21', '2020-11-02 00:15:11', NULL);

--
-- Constraints for dumped tables
--

--
-- Constraints for table `menu_pages`
--
ALTER TABLE `menu_pages`
  ADD CONSTRAINT `menu_pages_ibfk_1` FOREIGN KEY (`page_id`) REFERENCES `pages` (`id`) ON DELETE CASCADE ON UPDATE CASCADE,
  ADD CONSTRAINT `menu_pages_ibfk_2` FOREIGN KEY (`menu_id`) REFERENCES `menu` (`id`) ON DELETE CASCADE ON UPDATE CASCADE;
COMMIT;

/*!40101 SET CHARACTER_SET_CLIENT=@OLD_CHARACTER_SET_CLIENT */;
/*!40101 SET CHARACTER_SET_RESULTS=@OLD_CHARACTER_SET_RESULTS */;
/*!40101 SET COLLATION_CONNECTION=@OLD_COLLATION_CONNECTION */;
